river,lat,lon,region,nearest_city
Волга,48.7080,44.5133,Волгоградская область,Волгоград
Кама,58.0105,56.2502,Пермский край,Пермь
Ока,54.6269,39.6916,Рязанская область,Рязань
Москва,55.7558,37.6173,Москва,Москва
Дон,47.2225,39.7187,Ростовская область,Ростов-на-Дону
Кубань,45.0355,38.9753,Краснодарский край,Краснодар
Северная Двина,64.5393,40.5181,Архангельская область,Архангельск
Печора,67.6380,53.0069,Ненецкий АО,Нарьян-Мар
Нева,59.9343,30.3351,Санкт-Петербург,Санкт-Петербург
Обь,55.0084,82.9357,Новосибирская область,Новосибирск
Иртыш,54.9885,73.3242,Омская область,Омск
Енисей,56.0153,92.8932,Красноярский край,Красноярск
Лена,62.0281,129.7326,Республика Саха (Якутия),Якутск
Амур,48.4827,135.0838,Хабаровский край,Хабаровск
Урал,51.7682,55.0969,Оренбургская область,Оренбург
Тобол,55.4408,65.3411,Курганская область,Курган
Томь,56.4846,84.9476,Томская область,Томск
Селенга,51.8335,107.5841,Республика Бурятия,Улан-Удэ
Вятка,58.6036,49.6679,Кировская область,Киров
Белая,54.7388,55.9721,Республика Башкортостан,Уфа