city,lat,lon,population,federal_district,region_name
Москва,55.7558,37.6173,13010112,Центральный,Москва
Санкт-Петербург,59.9343,30.3351,5601911,Северо-Западный,Санкт-Петербург
Новосибирск,55.0084,82.9357,1625631,Сибирский,Новосибирская область
Екатеринбург,56.8389,60.6057,1493749,Уральский,Свердловская область
Казань,55.8304,49.0661,1257341,Приволжский,Республика Татарстан
Нижний Новгород,56.3269,44.0059,1226076,Приволжский,Нижегородская область
Челябинск,55.1644,61.4368,1187960,Уральский,Челябинская область
Красноярск,56.0153,92.8932,1187771,Сибирский,Красноярский край
Самара,53.2001,50.1500,1156591,Приволжский,Самарская область
Уфа,54.7388,55.9721,1144809,Приволжский,Республика Башкортостан
Ростов-на-Дону,47.2225,39.7187,1142162,Южный,Ростовская область
Омск,54.9885,73.3242,1125695,Сибирский,Омская область
Краснодар,45.0355,38.9753,1099344,Южный,Краснодарский край
Воронеж,51.6720,39.1843,1057681,Центральный,Воронежская область
Пермь,58.0105,56.2502,1034002,Приволжский,Пермский край
Волгоград,48.7080,44.5133,1028036,Южный,Волгоградская область
Саратов,51.5336,46.0343,901361,Приволжский,Саратовская область
Тюмень,57.1522,65.5272,847488,Уральский,Тюменская область
Тольятти,53.5303,49.3461,684709,Приволжский,Самарская область
Ижевск,56.8526,53.2115,646277,Приволжский,Удмуртская Республика
Барнаул,53.3548,83.7698,630877,Сибирский,Алтайский край
Ульяновск,54.3142,48.4031,617352,Приволжский,Ульяновская область
Иркутск,52.2870,104.3050,617473,Сибирский,Иркутская область
Хабаровск,48.4827,135.0838,617168,Дальневосточный,Хабаровский край
Ярославль,57.6261,39.8845,577279,Центральный,Ярославская область
Владивосток,43.1155,131.8855,603519,Дальневосточный,Приморский край
Махачкала,42.9764,47.5024,623254,Северо-Кавказский,Республика Дагестан
Томск,56.4846,84.9476,556478,Сибирский,Томская область
Оренбург,51.7682,55.0969,557008,Приволжский,Оренбургская область
Кемерово,55.3547,86.0873,557119,Сибирский,Кемеровская область
Новокузнецк,53.7557,87.1099,537480,Сибирский,Кемеровская область
Рязань,54.6269,39.6916,537622,Центральный,Рязанская область
Астрахань,46.3497,48.0408,525225,Южный,Астраханская область
Набережные Челны,55.7436,52.3958,548434,Приволжский,Республика Татарстан
Пенза,53.2007,45.0046,501109,Приволжский,Пензенская область
Липецк,52.6031,39.5708,496403,Центральный,Липецкая область
Киров,58.6036,49.6679,518348,Приволжский,Кировская область
Чебоксары,56.1462,47.2519,497618,Приволжский,Чувашская Республика
Тула,54.1961,37.6182,473622,Центральный,Тульская область
Калининград,54.7104,20.4522,489359,Северо-Западный,Калининградская область
Балашиха,55.8094,37.9581,507307,Центральный,Московская область
Курск,51.7373,36.1874,440052,Центральный,Курская область
Севастополь,44.6166,33.5254,547820,Южный,Севастополь
Сочи,43.5855,39.7231,466078,Южный,Краснодарский край
Ставрополь,45.0428,41.9734,457721,Северо-Кавказский,Ставропольский край
Улан-Удэ,51.8335,107.5841,439128,Дальневосточный,Республика Бурятия
Тверь,56.8587,35.9176,424969,Центральный,Тверская область
Магнитогорск,53.4186,59.0472,413253,Уральский,Челябинская область
Иваново,57.0004,40.9739,404598,Центральный,Ивановская область
Брянск,53.2435,34.3639,397882,Центральный,Брянская область
Сургут,61.2540,73.3962,395900,Уральский,Ханты-Мансийский АО
Владимир,56.1290,40.4070,349951,Центральный,Владимирская область
Архангельск,64.5393,40.5181,344927,Северо-Западный,Архангельская область
Чита,52.0340,113.4994,350054,Дальневосточный,Забайкальский край
Смоленск,54.7818,32.0401,316570,Центральный,Смоленская область
Калуга,54.5138,36.2612,337482,Центральный,Калужская область
Череповец,59.1269,37.9087,305185,Северо-Западный,Вологодская область
Волжский,48.7862,44.7797,321427,Южный,Волгоградская область
Саранск,54.1838,45.1749,317432,Приволжский,Республика Мордовия
Вологда,59.2205,39.8915,301642,Северо-Западный,Вологодская область
Мурманск,68.9585,33.0827,270384,Северо-Западный,Мурманская область
Якутск,62.0281,129.7326,355443,Дальневосточный,Республика Саха (Якутия)
Тамбов,52.7212,41.4523,261803,Центральный,Тамбовская область
Грозный,43.3188,45.6981,328533,Северо-Кавказский,Чеченская Республика
Стерлитамак,53.6303,55.9310,276008,Приволжский,Республика Башкортостан
Петрозаводск,61.7849,34.3469,280890,Северо-Западный,Республика Карелия
Кострома,57.7665,40.9269,277280,Центральный,Костромская область
Нижний Тагил,57.9101,59.9813,338966,Уральский,Свердловская область
Комсомольск-на-Амуре,50.5502,137.0079,238505,Дальневосточный,Хабаровский край
Нальчик,43.4981,43.6189,247054,Северо-Кавказский,Кабардино-Балкарская Республика
Нижневартовск,60.9344,76.5531,283256,Уральский,Ханты-Мансийский АО
Сыктывкар,61.6688,50.8364,245083,Северо-Западный,Республика Коми
Новороссийск,44.7239,37.7686,274956,Южный,Краснодарский край
Химки,55.8894,37.4300,257006,Центральный,Московская область